Datetime,Water Level (m)
2026-01-28 18:00:00,-0.517848
2026-01-28 19:00:00,-0.8610126
2026-01-28 20:00:00,-1.0918028
2026-01-28 21:00:00,-1.1862793
2026-01-28 22:00:00,-1.0777907
2026-01-28 23:00:00,-0.6978907
2026-01-29 00:00:00,-0.19879788
2026-01-29 01:00:00,0.21205635
2026-01-29 02:00:00,0.4821556
2026-01-29 03:00:00,0.52120876
2026-01-29 04:00:00,0.21305819
2026-01-29 05:00:00,-0.29906157
2026-01-29 06:00:00,-0.75649786
2026-01-29 07:00:00,-1.1256685
2026-01-29 08:00:00,-1.3889041
2026-01-29 09:00:00,-1.5280558
2026-01-29 10:00:00,-1.4458406
2026-01-29 11:00:00,-0.9548396
2026-01-29 12:00:00,-0.31346166
2026-01-29 13:00:00,0.25385922
2026-01-29 14:00:00,0.72988355
2026-01-29 15:00:00,1.0253322
2026-01-29 16:00:00,1.0174726
2026-01-29 17:00:00,0.6701906
2026-01-29 18:00:00,0.09845231
2026-01-29 19:00:00,-0.43136314
2026-01-29 20:00:00,-0.8418299
2026-01-29 21:00:00,-1.1787479
2026-01-29 22:00:00,-1.386781
2026-01-29 23:00:00,-1.4199982
2026-01-30 00:00:00,-1.1161621
2026-01-30 01:00:00,-0.4997282
2026-01-30 02:00:00,0.065582454
2026-01-30 03:00:00,0.4613598
2026-01-30 04:00:00,0.6445648
2026-01-30 05:00:00,0.4689658
2026-01-30 06:00:00,-0.04457314
2026-01-30 07:00:00,-0.60252064
2026-01-30 08:00:00,-1.0587559
2026-01-30 09:00:00,-1.4064349
2026-01-30 10:00:00,-1.630393
2026-01-30 11:00:00,-1.6537837
2026-01-30 12:00:00,-1.2100532
2026-01-30 13:00:00,-0.46894157
2026-01-30 14:00:00,0.20744601
2026-01-30 15:00:00,0.77618986
2026-01-30 16:00:00,1.1607358
2026-01-30 17:00:00,1.2276776
2026-01-30 18:00:00,0.8938682
2026-01-30 19:00:00,0.24583764
2026-01-30 20:00:00,-0.3774173
2026-01-30 21:00:00,-0.8696072
2026-01-30 22:00:00,-1.2655199
2026-01-30 23:00:00,-1.5303503
2026-01-31 00:00:00,-1.631973
2026-01-31 01:00:00,-1.353954
2026-01-31 02:00:00,-0.61282706
2026-01-31 03:00:00,0.07240567
2026-01-31 04:00:00,0.56698895
2026-01-31 05:00:00,0.81747925
2026-01-31 06:00:00,0.6780375
2026-01-31 07:00:00,0.100910746
2026-01-31 08:00:00,-0.5327437
2026-01-31 09:00:00,-1.0398893
2026-01-31 10:00:00,-1.4211786
2026-01-31 11:00:00,-1.6905639
2026-01-31 12:00:00,-1.7548522
2026-01-31 13:00:00,-1.3370588
2026-01-31 14:00:00,-0.5232977
2026-01-31 15:00:00,0.22836222
2026-01-31 16:00:00,0.86833555
2026-01-31 17:00:00,1.3234955
2026-01-31 18:00:00,1.3008786
2026-01-31 19:00:00,0.9291114
2026-01-31 20:00:00,0.2236642
2026-01-31 21:00:00,-0.44531628
2026-01-31 22:00:00,-0.95690656
2026-01-31 23:00:00,-1.3652419
2026-02-01 00:00:00,-1.6492276
2026-02-01 01:00:00,-1.7513884
2026-02-01 02:00:00,-1.364188
2026-02-01 03:00:00,-0.52366155
2026-02-01 04:00:00,0.20768058
2026-02-01 05:00:00,0.7517585
2026-02-01 06:00:00,1.0167409
2026-02-01 07:00:00,0.82005996
2026-02-01 08:00:00,0.13724317
2026-02-01 09:00:00,-0.55057424
2026-02-01 10:00:00,-1.0732403
2026-02-01 11:00:00,-1.4830902
2026-02-01 12:00:00,-1.7527258
2026-02-01 13:00:00,-1.8042439
2026-02-01 14:00:00,-1.2816142
2026-02-01 15:00:00,-0.40879658
2026-02-01 16:00:00,0.3790338
2026-02-01 17:00:00,1.0284146
2026-02-01 18:00:00,1.3859005
2026-02-01 19:00:00,1.2791774
2026-02-01 20:00:00,0.8443105
2026-02-01 21:00:00,0.08410894
2026-02-01 22:00:00,-0.5769903
2026-02-01 23:00:00,-1.0874476
2026-02-02 00:00:00,-1.4936253
2026-02-02 01:00:00,-1.7691522
2026-02-02 02:00:00,-1.8252736
2026-02-02 03:00:00,-1.2258164
2026-02-02 04:00:00,-0.327195
2026-02-02 05:00:00,0.42272735
2026-02-02 06:00:00,0.95718986
2026-02-02 07:00:00,1.1839333
2026-02-02 08:00:00,0.81842554
2026-02-02 09:00:00,0.041247334
2026-02-02 10:00:00,-0.6206833
2026-02-02 11:00:00,-1.158672
2026-02-02 12:00:00,-1.5466392
2026-02-02 13:00:00,-1.7865924
2026-02-02 14:00:00,-1.776672
2026-02-02 15:00:00,-1.0988579
2026-02-02 16:00:00,-0.19383049
2026-02-02 17:00:00,0.60045713
2026-02-02 18:00:00,1.2446904
2026-02-02 19:00:00,1.4992008
2026-02-02 20:00:00,1.2202672
2026-02-02 21:00:00,0.5762689
2026-02-02 22:00:00,-0.17178889
2026-02-02 23:00:00,-0.77843446
2026-02-03 00:00:00,-1.2562754
2026-02-03 01:00:00,-1.623208
2026-02-03 02:00:00,-1.8442386
2026-02-03 03:00:00,-1.7080536
2026-02-03 04:00:00,-0.8688587
2026-02-03 05:00:00,0.012166913
2026-02-03 06:00:00,0.71734595
2026-02-03 07:00:00,1.1787618
2026-02-03 08:00:00,1.2214429
2026-02-03 09:00:00,0.62335616
2026-02-03 10:00:00,-0.17204764
2026-02-03 11:00:00,-0.77932113
2026-02-03 12:00:00,-1.267446
2026-02-03 13:00:00,-1.6224966
2026-02-03 14:00:00,-1.8097641
2026-02-03 15:00:00,-1.6265942
2026-02-03 16:00:00,-0.7757647
2026-02-03 17:00:00,0.114338875
2026-02-03 18:00:00,0.8731053
